time,pos.x,pos.y,pos.z,rot.x,rot.y,rot.z
4.77851,0.4185471,1.410377,-0.7452773,-2.848785,-171.2738,-0.1922302
4.817344,0.4185469,1.410482,-0.7461511,-2.871216,-171.2882,-0.1813965
4.837176,0.4185708,1.410492,-0.7465562,-2.878387,-171.3278,-0.13797
4.855365,0.4186075,1.410616,-0.7468394,-2.894806,-171.3665,-0.0378418
4.874178,0.4186258,1.410712,-0.7470769,-2.888885,-171.3682,0.04770637
4.896124,0.4186546,1.410822,-0.7472013,-2.884247,-171.3529,0.07575423
4.918156,0.4187627,1.410858,-0.7470714,-2.889343,-171.2965,0.0732301
4.940682,0.4188832,1.410803,-0.7472147,-2.894531,-171.162,0.02642759
4.962834,0.4190599,1.410711,-0.7474543,-2.83847,-171.0203,-0.01803589
4.984551,0.4191634,1.410614,-0.7474638,-2.748505,-170.9565,-0.01794434
5.009661,0.4193035,1.410521,-0.7475301,-2.688446,-170.9169,0.02081505
5.030804,0.4193804,1.410448,-0.7475458,-2.655518,-170.8804,0.08263
5.052297,0.4194515,1.410436,-0.7476996,-2.644501,-170.8874,0.1085244
5.074269,0.4195151,1.410413,-0.7477854,-2.656128,-170.9166,0.1073461
5.097001,0.4195365,1.410457,-0.7477454,-2.664276,-170.9029,0.1198024
5.118573,0.4195536,1.410614,-0.747588,-2.662872,-170.8936,0.1396293
5.141565,0.4194947,1.410669,-0.7475265,-2.660919,-170.8677,0.1790596
5.162989,0.4195547,1.410609,-0.7475146,-2.65976,-170.8789,0.2325095
5.184896,0.4196616,1.410536,-0.7474498,-2.69223,-170.867,0.271086
5.206801,0.4196208,1.410576,-0.7473806,-2.699921,-170.8325,0.3039283
5.229522,0.4197493,1.410511,-0.74726,-2.703918,-170.8081,0.3296395
5.251998,0.4198005,1.410504,-0.7471257,-2.707703,-170.7977,0.3546993
5.273985,0.4198769,1.410416,-0.7470788,-2.69281,-170.8067,0.3479529
5.296617,0.4199376,1.410369,-0.7468826,-2.676727,-170.7979,0.3336221
5.321596,0.4199831,1.410254,-0.7468208,-2.65506,-170.7972,0.3046256
5.341002,0.4201109,1.41011,-0.7467529,-2.643951,-170.8197,0.3265317
5.368364,0.4201766,1.410038,-0.7465914,-2.611725,-170.8562,0.3750347
5.385896,0.4203587,1.409882,-0.7464091,-2.575531,-170.9048,0.4267479
5.407851,0.4205338,1.409753,-0.7462186,-2.559448,-170.9475,0.4655243
5.429994,0.4207109,1.409573,-0.7460021,-2.538025,-170.9615,0.4883173
5.451993,0.4208942,1.409523,-0.7455641,-2.474854,-170.9442,0.4818236
5.475293,0.4210718,1.409456,-0.745294,-2.39505,-170.9181,0.4854447
5.496406,0.421234,1.409389,-0.7449378,-2.340363,-170.9004,0.5028519
5.51881,0.4214498,1.409248,-0.7445081,-2.315643,-170.9088,0.5140943
5.540612,0.4216792,1.409085,-0.7441608,-2.289185,-170.8894,0.5181929
5.562413,0.4218151,1.409129,-0.7438573,-2.276764,-170.8567,0.5094937
5.584201,0.4219456,1.40913,-0.7435077,-2.258514,-170.8119,0.4890155
5.607059,0.4220244,1.409162,-0.7430495,-2.224579,-170.8234,0.4883365
5.629066,0.4221414,1.40908,-0.7427496,-2.190643,-170.8519,0.4879558
5.650552,0.4222215,1.409039,-0.7424763,-2.185791,-170.9032,0.5204642
5.673966,0.4222485,1.408927,-0.7423557,-2.15506,-170.9495,0.558517
5.695362,0.4222475,1.408879,-0.7421421,-2.106445,-170.9987,0.5893853
5.717818,0.422342,1.408774,-0.7419988,-2.073944,-171.0563,0.6049234
5.740624,0.4225425,1.408725,-0.7417122,-2.066376,-171.0861,0.5919371
5.762195,0.4226363,1.408683,-0.7415045,-2.05069,-171.0647,0.5764877
5.784856,0.4227091,1.408624,-0.7410496,-2.030365,-171.0502,0.586494
5.808249,0.4228674,1.408481,-0.7408546,-1.96875,-171.0662,0.590505
5.832684,0.4230414,1.408449,-0.7404472,-1.946075,-171.0776,0.5837545
5.851036,0.4231825,1.408406,-0.7401456,-1.907074,-171.0434,0.5531157
5.873485,0.423272,1.408294,-0.7397829,-1.86795,-171.0247,0.515601
5.895361,0.4234353,1.408139,-0.7396253,-1.832123,-171.0256,0.4736354
5.918527,0.4235674,1.408038,-0.73958,-1.801758,-171.0101,0.4626421
5.940364,0.4236366,1.407972,-0.7392439,-1.795593,-170.9818,0.4711373
5.961899,0.4236488,1.408003,-0.7387322,-1.754974,-170.9893,0.4818187
5.984006,0.4237322,1.407948,-0.7382194,-1.715973,-170.9869,0.4923509
6.007407,0.423739,1.407873,-0.7379528,-1.697906,-170.9595,0.5015031
6.029006,0.4237511,1.407885,-0.7375458,-1.671234,-170.9313,0.5072864
6.050598,0.4238009,1.407856,-0.7372733,-1.631012,-170.8956,0.4854551
6.07394,0.423847,1.407832,-0.7369612,-1.62381,-170.8644,0.4701692
6.095249,0.4238369,1.407811,-0.736663,-1.619629,-170.8477,0.4621929
6.11715,0.4237765,1.407797,-0.7363216,-1.598785,-170.8459,0.5004787
6.1401,0.4237824,1.407757,-0.7359978,-1.566376,-170.8671,0.5440477
6.162033,0.423714,1.407832,-0.7354945,-1.568665,-170.8977,0.5754713
6.184056,0.4236684,1.407825,-0.7353035,-1.56192,-170.8785,0.5754857
6.206993,0.4236586,1.407784,-0.7352186,-1.544647,-170.8686,0.5410191
6.22802,0.4236365,1.407745,-0.7349824,-1.543884,-170.8589,0.5039173
6.250796,0.4236313,1.407732,-0.7347642,-1.556763,-170.8381,0.4858907
6.273466,0.4236106,1.407811,-0.7345725,-1.572113,-170.8373,0.4737552
6.296452,0.4234991,1.407855,-0.7343255,-1.580292,-170.8252,0.4687083
6.318265,0.423408,1.407877,-0.7341143,-1.574768,-170.8061,0.4841091
6.342245,0.4233633,1.407833,-0.7338804,-1.58371,-170.8038,0.5121359
6.362036,0.4233274,1.407876,-0.7336925,-1.609192,-170.8155,0.555619
6.384336,0.4232827,1.407976,-0.7332643,-1.606506,-170.8261,0.5759732
6.407213,0.4232348,1.40793,-0.732987,-1.582672,-170.8272,0.5303003
6.428612,0.4231443,1.407915,-0.7327298,-1.559631,-170.8203,0.4973249
6.450361,0.4230419,1.407853,-0.7325472,-1.562653,-170.8181,0.4848995
6.472708,0.4230029,1.407796,-0.7323405,-1.563324,-170.8225,0.4757484
6.494929,0.4229664,1.40767,-0.7321094,-1.527313,-170.8126,0.4723089
6.517523,0.4228392,1.407622,-0.7318457,-1.505219,-170.8046,0.4842016
6.540276,0.4228225,1.407564,-0.7315491,-1.481506,-170.8306,0.5132619
6.561908,0.4227555,1.407531,-0.7314128,-1.452667,-170.8363,0.5271491
6.583535,0.4226234,1.407637,-0.7308878,-1.427521,-170.8392,0.5224699
6.606246,0.4225459,1.407638,-0.7306086,-1.434418,-170.845,0.5108765
6.628442,0.4224433,1.407718,-0.7302855,-1.451813,-170.8423,0.4782715
6.650983,0.4223623,1.407721,-0.7302355,-1.446381,-170.8537,0.4631301
6.673181,0.422188,1.407766,-0.7300471,-1.441895,-170.8627,0.435452
6.694893,0.422187,1.407675,-0.7300497,-1.429016,-170.8757,0.4401531
6.717934,0.4221619,1.407678,-0.729968,-1.437012,-170.8971,0.4457789
6.740314,0.4221465,1.407639,-0.7299119,-1.454407,-170.9047,0.4444541
6.762744,0.422067,1.407646,-0.7298063,-1.4505,-170.9288,0.4418516
6.784095,0.4219524,1.407648,-0.7297133,-1.424347,-170.9545,0.4303838
6.807376,0.4218852,1.407599,-0.7297326,-1.420471,-170.9746,0.4602332
6.828615,0.4218506,1.407691,-0.7297167,-1.418304,-170.9889,0.4846439
6.853952,0.4218764,1.407714,-0.7297195,-1.427734,-170.9959,0.4755932
6.874235,0.4218137,1.407702,-0.7298285,-1.441254,-170.9719,0.4605618
6.895141,0.4218342,1.40768,-0.7300221,-1.462524,-170.9941,0.4598559
6.917279,0.4218512,1.407764,-0.730076,-1.468231,-170.9894,0.4691246
6.940095,0.4218303,1.407813,-0.730044,-1.483337,-171.0045,0.4889498
6.961483,0.4218475,1.407861,-0.7301584,-1.509766,-171.0395,0.4966659
6.983995,0.421886,1.407916,-0.7301556,-1.508789,-171.0403,0.4683191
7.005868,0.42188,1.407902,-0.7303783,-1.499817,-171.0284,0.4202813
7.028713,0.421833,1.407979,-0.7303838,-1.499878,-171.0289,0.3927899
7.046649,0.4218945,1.408013,-0.7305034,-1.511078,-171.0488,0.3692627
7.063539,0.4219023,1.407944,-0.7307156,-1.538574,-171.0774,0.3732663
7.083869,0.4218582,1.407964,-0.7308484,-1.579407,-171.1203,0.3915389
7.105581,0.4218346,1.408011,-0.730884,-1.646851,-171.2189,0.4342899
7.129262,0.4217723,1.408187,-0.7309138,-1.754089,-171.2995,0.4773076
7.149875,0.4218107,1.408381,-0.7310137,-1.937866,-171.3519,0.5059135
7.173145,0.4217156,1.40879,-0.7311357,-2.125977,-171.3386,0.4623109
7.195206,0.4216906,1.409154,-0.730961,-2.386353,-171.3325,0.4362454
7.21843,0.4219486,1.409443,-0.7309035,-2.816437,-171.2673,0.4583101
7.238968,0.4221574,1.409731,-0.7309042,-3.060181,-171.1926,0.4385017
7.261251,0.4222725,1.409753,-0.7311369,-3.023468,-171.047,0.3698623
7.284046,0.4222612,1.409353,-0.731217,-2.889038,-170.9902,0.2353263
7.306604,0.4221095,1.409057,-0.7313226,-2.647675,-171.0076,0.1428879
7.328736,0.4219941,1.408631,-0.7314292,-2.448303,-171.0746,0.1604199
7.353089,0.421839,1.408336,-0.731433,-2.307587,-171.1463,0.2584877
7.373744,0.4215675,1.408187,-0.7316228,-2.216919,-171.2317,0.3104895
7.396461,0.4213943,1.408008,-0.7319008,-2.11615,-171.3305,0.3220551
7.417018,0.4212061,1.407884,-0.7320091,-2.04303,-171.3617,0.3134633
7.439748,0.4209822,1.407744,-0.7322546,-1.997589,-171.368,0.2891713
7.462271,0.4208037,1.407705,-0.732499,-1.972504,-171.3942,0.2836669
7.484134,0.420619,1.407659,-0.732637,-1.947571,-171.4171,0.2964393
7.506218,0.420504,1.407563,-0.7327083,-1.906342,-171.4066,0.3623654
7.527832,0.4204155,1.407496,-0.7329758,-1.886963,-171.3656,0.4391099
7.550501,0.4202838,1.407426,-0.7330548,-1.856628,-171.3239,0.4754748
7.572554,0.4201027,1.407562,-0.7327553,-1.815155,-171.2796,0.5015551
7.595535,0.4199778,1.407568,-0.7328371,-1.799561,-171.2139,0.5159888
7.616476,0.4199324,1.407544,-0.7329825,-1.77182,-171.1777,0.4988676
7.639125,0.4199123,1.407477,-0.7330168,-1.741211,-171.1296,0.4405527
7.661338,0.4198619,1.407416,-0.7331313,-1.717285,-171.0772,0.3903776
7.683121,0.4197686,1.407482,-0.7332779,-1.73703,-171.0369,0.3743059
7.706159,0.419597,1.407537,-0.7334036,-1.78244,-170.9907,0.3735502
7.728299,0.4194687,1.407694,-0.7334927,-1.831573,-170.9731,0.3850174
7.749691,0.4191575,1.407792,-0.7333184,-1.920715,-170.9537,0.3889304
7.772417,0.4189387,1.407869,-0.7336868,-1.93866,-170.9601,0.4667474
7.794847,0.4187297,1.407947,-0.7336842,-2.02301,-170.974,0.564476
7.816583,0.4186007,1.408037,-0.73373,-2.103363,-171.025,0.6652818
7.839725,0.4183247,1.40818,-0.7337335,-2.211609,-171.0937,0.731912
7.863661,0.4180481,1.408357,-0.7334715,-2.322998,-171.177,0.7542164
7.883409,0.4177704,1.40853,-0.7331735,-2.3862,-171.275,0.7213899
7.905236,0.4174976,1.408604,-0.7330607,-2.444519,-171.3948,0.6682912
7.927786,0.4174826,1.40854,-0.7331008,-2.453888,-171.4981,0.7015318
7.95025,0.4175651,1.408335,-0.7332834,-2.449615,-171.5171,0.7716269
7.971935,0.4176335,1.408213,-0.7334837,-2.399048,-171.5228,0.7990902
7.994695,0.417778,1.408109,-0.7338585,-2.320068,-171.5332,0.7529122
8.017066,0.4178999,1.408033,-0.7339038,-2.303375,-171.4751,0.6520289
8.039559,0.4180647,1.408017,-0.7337118,-2.282135,-171.3643,0.5867177
8.061978,0.4181554,1.408018,-0.7335266,-2.270996,-171.2644,0.5261965
8.084251,0.4182777,1.407972,-0.7335049,-2.275085,-171.2026,0.5079458
8.105262,0.4183916,1.407941,-0.7332724,-2.28418,-171.1601,0.5141561
8.128259,0.4184412,1.408004,-0.7328943,-2.274628,-171.0916,0.5189863
8.149856,0.4185863,1.408044,-0.7328094,-2.272125,-171.0458,0.5165501
8.171717,0.4186464,1.408048,-0.7326127,-2.302856,-171.0276,0.4946465
8.19401,0.4187279,1.408038,-0.7324756,-2.377319,-171.0382,0.4657268
8.216454,0.4187701,1.408236,-0.7322484,-2.419159,-171.0564,0.4428762
8.239728,0.4188204,1.408346,-0.7320374,-2.46991,-171.0764,0.4219786
8.260601,0.4189508,1.408354,-0.7320718,-2.504028,-171.0709,0.3915092
8.283337,0.4190282,1.408435,-0.7318257,-2.547699,-171.0316,0.3774495
8.305076,0.4190629,1.408538,-0.7314967,-2.60083,-170.985,0.3506371
8.32767,0.4191073,1.408647,-0.7312216,-2.639313,-170.9464,0.3197536
8.349757,0.4192015,1.408576,-0.7311004,-2.643097,-170.9243,0.2993097
8.375493,0.4192268,1.408589,-0.7307318,-2.640594,-170.8995,0.3370305
8.394895,0.4192582,1.408648,-0.7303504,-2.646759,-170.9123,0.3867423
8.416754,0.4193116,1.408694,-0.730033,-2.655609,-170.9197,0.4101933
8.439653,0.4193852,1.408656,-0.7298692,-2.65213,-170.8874,0.3753507
8.460698,0.4194674,1.408658,-0.7295359,-2.648621,-170.828,0.2965609
8.482937,0.4194962,1.408661,-0.7290651,-2.622681,-170.8004,0.2389828
8.505581,0.4195805,1.408528,-0.7289146,-2.623016,-170.7687,0.2096884
8.526898,0.4196526,1.408451,-0.7288216,-2.633301,-170.7495,0.2030665
8.54423,0.4197606,1.408424,-0.7286378,-2.586945,-170.7511,0.1875921
8.562018,0.4197869,1.408463,-0.7283269,-2.576355,-170.7475,0.1870654
8.582542,0.4198223,1.408405,-0.7281648,-2.579712,-170.7692,0.1735031
8.604866,0.4198148,1.408342,-0.7280408,-2.57373,-170.7819,0.160466
8.626977,0.4198146,1.408366,-0.7277313,-2.58844,-170.7975,0.1433291
8.649478,0.4198141,1.408379,-0.7273811,-2.617615,-170.8144,0.1157411
8.671264,0.4198748,1.408337,-0.7271687,-2.580811,-170.8406,0.1009129
8.693924,0.4198608,1.408356,-0.7267712,-2.57251,-170.8429,0.1071052
8.716187,0.4198781,1.408336,-0.7265204,-2.562836,-170.8444,0.1117154
8.739008,0.4198633,1.408388,-0.7262143,-2.569153,-170.8563,0.09522112
8.760535,0.4198898,1.408404,-0.725809,-2.543915,-170.8499,0.05832659
8.782969,0.4199049,1.408337,-0.7255422,-2.519745,-170.7965,0.004712057
8.804714,0.4198724,1.408269,-0.7251364,-2.51123,-170.8024,-0.003589777
8.827028,0.419857,1.408218,-0.7247206,-2.490021,-170.8364,0.01439985
8.85008,0.4199185,1.408122,-0.7245334,-2.480865,-170.8676,0.0402989
8.875878,0.4199062,1.408166,-0.7241319,-2.451202,-170.8713,0.04059528
8.894554,0.4199259,1.408069,-0.7239472,-2.443542,-170.8409,0.03145006
8.916636,0.4199171,1.408049,-0.7237488,-2.441406,-170.8201,0.01864065
8.938615,0.4198839,1.408013,-0.723549,-2.456177,-170.8119,0.02264327
8.961729,0.4198685,1.40806,-0.7231721,-2.47348,-170.8363,0.03086315
8.983016,0.4197814,1.408073,-0.722891,-2.454346,-170.8455,0.06529975
9.00529,0.4196774,1.408138,-0.7225314,-2.436951,-170.8863,0.09053441
9.027514,0.4194934,1.408244,-0.722313,-2.442444,-170.9331,0.1175024
9.049366,0.4194542,1.408181,-0.722227,-2.47995,-170.9833,0.1487186
9.07158,0.4194536,1.408162,-0.7220155,-2.508301,-171.0127,0.1843664
9.093558,0.4193575,1.408143,-0.7216591,-2.499542,-171.0424,0.1886203
9.116195,0.4192791,1.40813,-0.7215337,-2.478577,-171.0593,0.1953043
9.139261,0.4192102,1.408069,-0.7213989,-2.472046,-171.072,0.1954107
9.160357,0.4191262,1.408142,-0.7211562,-2.458832,-171.0863,0.2197262
9.182296,0.4190647,1.408117,-0.7209524,-2.467743,-171.0923,0.2342899
9.205118,0.4190032,1.408139,-0.720646,-2.479095,-171.1319,0.2209975
9.2267,0.4189656,1.408122,-0.720421,-2.474548,-171.1504,0.2218945
9.249247,0.4188604,1.408143,-0.7203101,-2.478333,-171.1553,0.2438198
9.271338,0.4187969,1.408213,-0.7200226,-2.478912,-171.1825,0.2476223
9.294118,0.4187573,1.408181,-0.719844,-2.497284,-171.2251,0.2417758
9.315317,0.4187117,1.408146,-0.7198194,-2.508148,-171.2635,0.2297706
9.338706,0.4187233,1.408129,-0.7197281,-2.510498,-171.2876,0.256625
9.360757,0.4187189,1.408141,-0.7195095,-2.499634,-171.3141,0.300117
9.384458,0.4187011,1.408124,-0.7194718,-2.472076,-171.3496,0.3376968
9.405586,0.4186004,1.408154,-0.7193826,-2.502411,-171.3895,0.3736438
9.426756,0.4186224,1.408208,-0.7192496,-2.531982,-171.4129,0.3869297
9.448816,0.41858,1.408168,-0.7192034,-2.552216,-171.4109,0.3581469
9.47191,0.4185631,1.408129,-0.7190286,-2.538391,-171.4129,0.2975984
9.49374,0.4185736,1.408033,-0.7191066,-2.517273,-171.4197,0.2664169
9.515617,0.4185976,1.408032,-0.7191223,-2.528961,-171.4264,0.248836
9.538814,0.4186113,1.407981,-0.7190131,-2.543915,-171.4336,0.2698358
9.560291,0.4186195,1.407926,-0.7190477,-2.541473,-171.4252,0.3050869
9.582385,0.4185692,1.407946,-0.7188889,-2.542267,-171.4468,0.3510566
9.60491,0.4185437,1.407905,-0.7187463,-2.535767,-171.4358,0.3638518
9.626483,0.4185737,1.407871,-0.7185258,-2.516937,-171.3923,0.3605939
9.649354,0.4185619,1.407812,-0.7182864,-2.498871,-171.3335,0.3651112
9.671448,0.4185233,1.407805,-0.7180508,-2.481934,-171.2873,0.3773911
9.694044,0.4185474,1.407755,-0.7178713,-2.449646,-171.2663,0.385477
9.715305,0.4185228,1.407735,-0.7176672,-2.440094,-171.2613,0.3817625
9.732549,0.4184965,1.407725,-0.7174011,-2.411804,-171.2359,0.3926597
9.750837,0.4184943,1.407696,-0.7172087,-2.404358,-171.2428,0.4147806
9.77248,0.4184759,1.407702,-0.7168533,-2.385559,-171.2329,0.4098034
9.793327,0.4185318,1.40764,-0.7168378,-2.353851,-171.2157,0.3806407
9.815909,0.4185614,1.407676,-0.7166868,-2.322388,-171.1994,0.3605135
9.838531,0.4185914,1.407655,-0.7164148,-2.311401,-171.1837,0.3359202
9.861401,0.4186904,1.407537,-0.7164618,-2.303772,-171.1525,0.3040095
9.885058,0.4187026,1.40759,-0.7163745,-2.293518,-171.1215,0.2747509
9.905672,0.4187071,1.407648,-0.7161151,-2.296265,-171.0925,0.24652
9.92656,0.418702,1.407586,-0.7161938,-2.296295,-171.0872,0.2197223
9.949026,0.4186513,1.407713,-0.7159749,-2.316925,-171.0935,0.2079686
9.971484,0.418686,1.407634,-0.7160751,-2.308411,-171.1001,0.2072617
9.993509,0.4186904,1.407557,-0.7160043,-2.295135,-171.1216,0.2317907
10.01538,0.4186681,1.40764,-0.7159353,-2.271759,-171.1256,0.2572123
10.03849,0.4186591,1.407657,-0.7158228,-2.270294,-171.1265,0.2781858
10.06001,0.4187123,1.407606,-0.7157902,-2.257874,-171.1362,0.2917086
10.08227,0.4188004,1.407499,-0.7159134,-2.255676,-171.1114,0.2961003
10.10489,0.4188612,1.407565,-0.7157091,-2.232697,-171.0911,0.2534402
10.12733,0.4189333,1.407458,-0.7159055,-2.213898,-171.0567,0.2127721
10.14927,0.419098,1.40739,-0.716127,-2.185211,-170.9814,0.2053116
10.17099,0.4193569,1.407423,-0.7163073,-2.172577,-170.8764,0.221398
10.19302,0.4196311,1.407452,-0.7164558,-2.216522,-170.7829,0.205914
10.21578,0.4198308,1.407644,-0.716417,-2.284332,-170.6848,0.1668817
10.23768,0.4200444,1.407721,-0.7165698,-2.311859,-170.5983,0.1289369
10.25996,0.4203672,1.40783,-0.7168518,-2.318054,-170.5714,0.1034869
10.28182,0.42076,1.407957,-0.7168657,-2.329254,-170.569,0.1196392
10.30427,0.4213703,1.408012,-0.7168478,-2.381958,-170.54,0.1909618
10.32703,0.4222543,1.407985,-0.7167472,-2.477936,-170.4088,0.2705901
10.34874,0.42353,1.407931,-0.7166928,-2.494171,-170.0754,0.3279541
10.37087,0.4249134,1.407966,-0.7163595,-2.496552,-169.6147,0.3510497
10.39575,0.4266795,1.407856,-0.7163957,-2.469696,-169.0603,0.3468668
10.41569,0.428555,1.407699,-0.7166244,-2.351746,-168.4105,0.384455
10.43781,0.430591,1.407653,-0.7166456,-2.287628,-167.7695,0.479202
10.46029,0.4328884,1.407441,-0.7169496,-2.314514,-167.0968,0.6325227
10.48273,0.4353417,1.407342,-0.7170576,-2.316956,-166.2675,0.7553661
10.50512,0.4378645,1.407191,-0.7175976,-2.326477,-165.2263,0.7473034
10.5268,0.4403396,1.406858,-0.717847,-2.415802,-163.871,0.6391767
10.54922,0.4426306,1.406352,-0.7182511,-2.474365,-162.29,0.5554458
10.57124,0.4447632,1.405583,-0.7190515,-2.403412,-160.4928,0.4401861
10.59352,0.4464434,1.40497,-0.7197884,-2.248047,-158.6359,0.2585895
10.61574,0.4476442,1.404631,-0.7204708,-2.006989,-156.7033,0.06218126
10.63899,0.4482929,1.404617,-0.7210709,-1.762909,-154.6846,-0.1528625
10.66143,0.448391,1.404794,-0.7216796,-1.593323,-152.607,-0.4111023
10.68299,0.447236,1.405119,-0.7219895,-1.553253,-150.4208,-0.6847229
10.70553,0.4450041,1.408364,-0.7200941,-1.728333,-148.0315,-0.9747009
10.72793,0.4436035,1.408598,-0.7199432,-1.951752,-145.5109,-1.234833
10.75014,0.4419687,1.408505,-0.7200936,-2.229736,-142.8969,-1.467163
10.77346,0.4398657,1.40817,-0.7198969,-2.389648,-140.269,-1.718567
10.79542,0.4373501,1.407735,-0.7197198,-2.421417,-137.6206,-2.018951
10.81718,0.4344311,1.407215,-0.7193073,-2.394165,-134.844,-2.353058
10.84036,0.4312787,1.406603,-0.7188288,-2.296021,-131.9614,-2.68576
10.86291,0.4268704,1.406924,-0.7157634,-2.098572,-129.0141,-3.092743
10.88427,0.4227974,1.406228,-0.7140697,-1.956848,-126.1467,-3.645905
10.90889,0.4187212,1.405682,-0.7128655,-1.584167,-123.2877,-4.245636
10.92914,0.4148799,1.405314,-0.7111834,-1.081482,-120.3524,-4.980713
10.95059,0.4112636,1.405314,-0.7098964,-0.5472412,-117.4725,-5.799622
10.97326,0.4078749,1.405108,-0.7087218,-0.1481934,-114.603,-6.704742
10.99554,0.4044277,1.404797,-0.7084211,0.2260617,-111.7058,-7.723328
11.01771,0.4013578,1.404561,-0.708567,0.5730643,-108.747,-8.658386
11.04018,0.3986425,1.404597,-0.7090565,0.9107147,-105.9379,-9.505127
11.06168,0.3961846,1.404736,-0.7100974,1.304772,-103.2877,-10.24088
11.08416,0.3939095,1.40533,-0.7113668,1.857523,-100.7166,-10.80472
11.10578,0.3920167,1.406013,-0.7128128,2.566183,-98.2569,-11.18585
11.12834,0.3902444,1.406462,-0.7147492,3.085058,-95.98048,-11.57761
11.1493,0.3887185,1.406597,-0.7170933,3.434891,-93.79748,-12.03354
11.1715,0.3871223,1.40639,-0.7197095,3.573916,-91.72321,-12.63916
11.19305,0.3857098,1.406096,-0.7225035,3.658749,-89.72795,-13.20963
11.21504,0.3843968,1.405618,-0.7257074,3.816092,-87.90819,-13.72913
11.23662,0.3832208,1.405036,-0.7293693,4.026079,-86.24768,-14.16452
11.25933,0.3821761,1.404499,-0.7334183,4.259892,-84.6966,-14.3913
11.28118,0.3813297,1.404196,-0.7377416,4.457313,-83.29865,-14.53229
11.30279,0.3807283,1.403819,-0.742251,4.574464,-82.06612,-14.61041
11.32546,0.3806284,1.403522,-0.7467228,4.544692,-80.96976,-14.70926
11.34725,0.3808371,1.403345,-0.7509326,4.49039,-79.94739,-14.83548
11.36912,0.381277,1.403066,-0.7553948,4.484887,-79.00012,-14.88116
11.39072,0.381931,1.402704,-0.7598177,4.472883,-78.10649,-14.87494
11.41619,0.3826184,1.402337,-0.7641903,4.511642,-77.27647,-14.79251
11.43649,0.3832725,1.401979,-0.7685651,4.555171,-76.47832,-14.55157
11.4575,0.3840827,1.401734,-0.7728108,4.567243,-75.77412,-14.20294
11.47986,0.3848207,1.401543,-0.7768856,4.559847,-75.17371,-13.80264
11.50218,0.385748,1.40155,-0.7808524,4.435446,-74.6973,-13.3262
11.52369,0.3867746,1.401777,-0.7848245,4.214205,-74.28757,-12.76642
11.54618,0.3877348,1.402175,-0.7889131,3.896739,-73.94952,-12.07117
11.56879,0.3886245,1.402706,-0.7931811,3.608078,-73.74458,-11.33896
11.59052,0.38942,1.403075,-0.7976762,3.242024,-73.58357,-10.5408
11.61264,0.3902396,1.403399,-0.8023268,2.865165,-73.45775,-9.717194
11.63507,0.3912046,1.40343,-0.8071762,2.43467,-73.49805,-8.957031
11.65722,0.3923432,1.403376,-0.8124276,2.039012,-73.70193,-8.222412
11.68007,0.3937473,1.403178,-0.8179814,1.609491,-74.0833,-7.523346
11.70194,0.3952201,1.402716,-0.8238332,1.245481,-74.49899,-6.833679
11.72414,0.3968487,1.402113,-0.8299617,0.9336063,-74.87958,-6.103271
11.74664,0.3987814,1.402283,-0.8364549,0.7351517,-75.36426,-5.428741
11.76901,0.4008219,1.402916,-0.8433132,0.6130184,-75.96178,-4.760345
11.79086,0.4030818,1.403374,-0.8503051,0.3941644,-76.54443,-3.995667
11.81323,0.4052175,1.403624,-0.8574358,0.1651427,-76.9978,-3.222107
11.83601,0.407228,1.403754,-0.8644274,-0.1174622,-77.27403,-2.482605
11.85708,0.4082341,1.403826,-0.8678547,-0.3174133,-77.41208,-2.208008
11.87394,0.4104137,1.403731,-0.8746883,-0.7822876,-77.70648,-1.721191
11.89075,0.4126258,1.403345,-0.8813086,-1.172638,-78.01538,-1.356934
11.91603,0.4148256,1.403521,-0.8873818,-1.270538,-78.25908,-1.118774
11.93687,0.4170305,1.404249,-0.893068,-1.31723,-78.53809,-0.9048157
11.95751,0.4191449,1.40495,-0.89858,-1.327271,-78.88586,-0.625946
11.9797,0.4213399,1.405702,-0.9037851,-1.300659,-79.21388,-0.1762695
12.00261,0.4233469,1.406361,-0.9085699,-1.305817,-79.54189,0.3593099
12.02375,0.4252542,1.407049,-0.9130492,-1.361298,-79.93582,0.8978139
12.04693,0.4270194,1.407648,-0.917128,-1.48526,-80.31829,1.388717
12.06877,0.4288393,1.408058,-0.9210026,-1.685028,-80.69805,1.798793
12.09086,0.4305837,1.408276,-0.9245673,-1.836578,-80.94378,2.176619
12.11307,0.432303,1.408544,-0.9278921,-1.923615,-81.07726,2.451341
12.13724,0.4338757,1.408729,-0.930854,-1.917694,-81.12466,2.614219
12.15692,0.4355121,1.408686,-0.9334679,-1.983215,-81.13153,2.57756
12.17996,0.4367197,1.407959,-0.9351727,-1.69873,-81.17546,2.383316
12.202,0.4377725,1.406906,-0.9360132,-1.348877,-81.23511,2.083254
12.22423,0.4388101,1.405937,-0.9365314,-0.9330444,-81.41992,1.888005
12.247,0.4401236,1.405151,-0.936924,-0.5829468,-81.67278,1.894938
12.26843,0.4414215,1.404841,-0.9373434,-0.3855591,-82.13065,2.19146
12.29039,0.4427869,1.405171,-0.9378066,-0.4229126,-82.49628,2.779206
12.3129,0.4439184,1.406007,-0.9385804,-0.5749817,-82.75712,3.434029
12.33523,0.444744,1.406509,-0.939393,-0.7885132,-82.87473,3.99945
12.357,0.4450679,1.406615,-0.9402651,-0.9415894,-82.85679,4.496749
12.3805,0.4450558,1.406792,-0.9411082,-1.159729,-82.56933,4.91186
12.40227,0.4451424,1.407152,-0.9419862,-1.453766,-82.13342,5.19338
12.42606,0.4453235,1.407656,-0.9430318,-1.582916,-81.95647,5.405048
12.44662,0.445492,1.408144,-0.9442394,-1.665314,-81.80174,5.535212
12.46813,0.4461166,1.408581,-0.9456993,-1.741516,-81.76345,5.607971
12.49048,0.4470226,1.408908,-0.9471602,-1.80127,-81.80438,5.546262
12.5137,0.4478589,1.409048,-0.9486114,-1.850372,-81.87775,5.336956
12.53476,0.4487307,1.409041,-0.9500253,-1.872711,-81.93356,5.068511
12.55722,0.449608,1.408921,-0.9514772,-1.848755,-81.91355,4.767079
12.57953,0.4502071,1.408747,-0.9526002,-1.694,-81.83435,4.449246
12.60159,0.4508504,1.408742,-0.9535205,-1.671082,-81.76305,4.226399
12.62373,0.4513198,1.408952,-0.9544153,-1.652008,-81.71337,4.101916
12.64624,0.4517133,1.409143,-0.9554527,-1.614227,-81.66846,4.031432
12.66817,0.4521475,1.409061,-0.956401,-1.697754,-81.61186,4.047592
12.69023,0.4525429,1.408926,-0.9572607,-1.733765,-81.57176,4.005555
12.71284,0.4529541,1.40879,-0.9579252,-1.696167,-81.61103,3.840064
12.73417,0.4533702,1.408698,-0.9584874,-1.654785,-81.67905,3.632825
12.75752,0.4537165,1.408644,-0.9588194,-1.631378,-81.74342,3.417945
12.77989,0.4540878,1.40858,-0.9590069,-1.59671,-81.81809,3.299761
12.8016,0.4544455,1.408563,-0.959132,-1.566223,-81.89658,3.318038
12.82397,0.4547262,1.408579,-0.9591722,-1.558411,-82.02596,3.459484
12.84636,0.454928,1.408565,-0.9592314,-1.566315,-82.20686,3.599839
12.86869,0.4551392,1.40852,-0.959197,-1.620392,-82.39307,3.683562
12.89096,0.4553721,1.408519,-0.9590772,-1.650574,-82.52908,3.706197
12.91342,0.4555057,1.408565,-0.958919,-1.68515,-82.56488,3.683035
12.9386,0.4555957,1.408575,-0.9588594,-1.688965,-82.58376,3.671797
12.95432,0.4557562,1.408571,-0.9587555,-1.714417,-82.59977,3.616564
12.9706,0.4558446,1.408513,-0.9586132,-1.713318,-82.58971,3.601005
12.9914,0.4559318,1.408472,-0.9584838,-1.708618,-82.56358,3.616432
13.01309,0.4559895,1.408483,-0.9582248,-1.687592,-82.55937,3.663144
13.03503,0.4560831,1.408475,-0.9580702,-1.691956,-82.60377,3.713098
13.05758,0.456137,1.408471,-0.9580077,-1.682892,-82.65796,3.772209
13.08014,0.4561681,1.408499,-0.9579366,-1.662201,-82.70358,3.815881
13.10211,0.4561293,1.408509,-0.9577399,-1.661438,-82.73615,3.822578
13.12429,0.4560574,1.408502,-0.9575969,-1.656067,-82.79173,3.755583
13.14597,0.4560437,1.408563,-0.9574779,-1.694946,-82.83447,3.681837
13.16835,0.4559905,1.408625,-0.9573919,-1.725586,-82.83057,3.630111
13.19102,0.455903,1.408688,-0.9572725,-1.746002,-82.86069,3.564625
13.21289,0.455843,1.408719,-0.9571095,-1.789581,-82.89484,3.516397
13.23563,0.4558064,1.408729,-0.9569463,-1.802155,-82.93474,3.466913
13.25762,0.4557186,1.408701,-0.9567012,-1.816223,-82.96146,3.440092
13.27978,0.4557787,1.408694,-0.956431,-1.825226,-83.03613,3.408446
13.30173,0.4558544,1.408685,-0.9562036,-1.806366,-83.10067,3.397424
13.324,0.4559296,1.408619,-0.9559596,-1.776031,-83.16827,3.399022
13.34611,0.4560439,1.408545,-0.9557961,-1.751556,-83.24752,3.396614
13.36843,0.4562561,1.40842,-0.9555867,-1.689026,-83.34051,3.352705
13.39014,0.4564689,1.408257,-0.9553268,-1.640503,-83.43642,3.273902
13.41296,0.4567399,1.408085,-0.9551349,-1.578888,-83.47266,3.157543
13.43478,0.4569844,1.407906,-0.9549381,-1.514221,-83.48008,3.009938
13.46095,0.4571882,1.407674,-0.9546221,-1.428406,-83.46593,2.909308
13.48009,0.4573576,1.407426,-0.9543601,-1.347595,-83.4547,2.855508
13.50188,0.4575669,1.407292,-0.9542294,-1.284332,-83.4458,2.843904
13.52331,0.4578456,1.407161,-0.9540379,-1.231476,-83.45876,2.817133
13.54604,0.4580891,1.407092,-0.9538205,-1.153809,-83.44099,2.77877
13.56858,0.4582684,1.407111,-0.9537578,-1.095367,-83.42049,2.694639
13.59129,0.4585497,1.407075,-0.953632,-1.094971,-83.3915,2.635157
13.6138,0.4587694,1.407185,-0.9533862,-1.090546,-83.36169,2.585768
13.63608,0.4589983,1.407203,-0.9530792,-1.109436,-83.36977,2.526253
13.65767,0.4592716,1.407234,-0.9527962,-1.105225,-83.38793,2.471366
13.6805,0.4595369,1.407269,-0.9525706,-1.094391,-83.39774,2.444003
13.70208,0.4598382,1.407272,-0.952244,-1.090149,-83.42063,2.416817
13.72379,0.4602171,1.407238,-0.9518796,-1.069611,-83.41774,2.403833
13.7471,0.4605327,1.407234,-0.9515728,-1.026794,-83.40199,2.411009
13.76906,0.4609078,1.407222,-0.9512045,-0.9683228,-83.38927,2.424594
13.79082,0.4612537,1.407151,-0.95086,-0.9137878,-83.40847,2.462704
13.81353,0.4616356,1.407158,-0.9506447,-0.8672791,-83.43309,2.47871
13.83575,0.461996,1.407135,-0.9503992,-0.8325806,-83.42023,2.453894
13.85759,0.4623442,1.407075,-0.9501524,-0.8056335,-83.39491,2.395382
13.88064,0.4627014,1.407054,-0.9498984,-0.7925415,-83.34709,2.337619
13.90301,0.4630775,1.406967,-0.9496735,-0.7637634,-83.2828,2.281328
13.92812,0.4634412,1.406981,-0.9495122,-0.7312012,-83.24098,2.245868
13.94742,0.4637191,1.406967,-0.9493616,-0.7156982,-83.21111,2.201879
13.97213,0.4640532,1.406959,-0.9491593,-0.6975098,-83.16165,2.147203
13.99036,0.4643741,1.406975,-0.9488345,-0.6746521,-83.12698,2.117179
14.01332,0.4646343,1.406978,-0.9485668,-0.6558533,-83.10711,2.109332
14.03489,0.4648287,1.406964,-0.9482421,-0.664978,-83.1144,2.118374
14.05727,0.465011,1.406963,-0.947889,-0.680603,-83.13773,2.138081
14.07977,0.4652214,1.407001,-0.9475112,-0.6951294,-83.16557,2.166495
14.10118,0.4654046,1.406997,-0.9472253,-0.6940308,-83.1807,2.156557
14.1235,0.4655373,1.407009,-0.9469482,-0.6757202,-83.16827,2.104502
14.14629,0.4655695,1.40706,-0.9467056,-0.6550903,-83.13773,2.045151
14.16744,0.4655463,1.407044,-0.9465615,-0.6451416,-83.10956,1.999706
14.18941,0.4654494,1.407073,-0.9463447,-0.6203308,-83.05246,1.973234
14.21265,0.4652693,1.407051,-0.946191,-0.6225281,-83.03065,1.948184
14.23389,0.4651239,1.407079,-0.9459785,-0.6325378,-83.03587,1.934171
14.2561,0.4649001,1.40708,-0.9457045,-0.6524658,-83.06351,1.951972
14.27906,0.4646791,1.407171,-0.945551,-0.6551819,-83.11093,1.97082
14.30108,0.4645056,1.407227,-0.9454272,-0.6706238,-83.14539,1.968814
14.32286,0.464245,1.407255,-0.9452854,-0.6746826,-83.14427,1.955741
14.34654,0.4640216,1.407303,-0.9451671,-0.6929016,-83.14565,1.911642
14.36723,0.4637815,1.407302,-0.945094,-0.7006226,-83.12034,1.896951
14.39017,0.4635188,1.407338,-0.9449831,-0.704834,-83.11115,1.91041
14.41278,0.4631729,1.407361,-0.9448365,-0.6832275,-83.10967,1.930209
14.4347,0.4628711,1.40731,-0.9447503,-0.6875305,-83.11702,1.952893
14.45692,0.4624928,1.407371,-0.9447633,-0.6950378,-83.10504,1.974816
14.48193,0.4620944,1.407369,-0.9447905,-0.6932068,-83.08424,1.957751
14.50172,0.4616725,1.407426,-0.9448519,-0.7117004,-83.09072,1.942774
14.52398,0.4612102,1.407458,-0.9447987,-0.7438049,-83.08997,1.918508
14.54639,0.4607711,1.407442,-0.9448696,-0.762207,-83.10329,1.869746
14.5679,0.4603195,1.40749,-0.9448473,-0.7857971,-83.11027,1.834349
14.58986,0.4598078,1.407521,-0.9449917,-0.8152161,-83.1135,1.79
14.61317,0.4593206,1.407549,-0.9450336,-0.8588562,-83.10994,1.765819
14.63409,0.4589161,1.407676,-0.9451574,-0.9037781,-83.11378,1.736017
14.65662,0.4584727,1.407737,-0.9451218,-0.9385071,-83.09614,1.712706
14.67922,0.4581191,1.407808,-0.9451046,-0.9758301,-83.08228,1.698991
14.7008,0.4577937,1.40787,-0.9451079,-1.004883,-83.0576,1.684702
14.72311,0.4576517,1.40789,-0.9451126,-1.02243,-83.06599,1.674838
14.73896,0.4573711,1.407956,-0.9450756,-1.064148,-83.03059,1.646058
14.75666,0.4571568,1.408019,-0.9451247,-1.101563,-83.02037,1.600185
14.77897,0.4569402,1.408056,-0.9451772,-1.116791,-83.00379,1.578224
14.80108,0.4567167,1.408,-0.9451025,-1.124603,-82.99065,1.58559
14.82297,0.4565175,1.407963,-0.9450997,-1.115479,-82.98427,1.609895
14.84616,0.4563666,1.407942,-0.9450831,-1.109161,-83.02146,1.609281
14.86802,0.4562803,1.407914,-0.9450971,-1.102997,-83.05835,1.583963
14.89005,0.456231,1.407895,-0.9451267,-1.092743,-83.03888,1.515579
14.91236,0.4561716,1.40787,-0.9450872,-1.080627,-83.01376,1.459702
14.93398,0.4560744,1.407928,-0.9450887,-1.078064,-82.9822,1.437097
14.95729,0.4559772,1.407953,-0.9450576,-1.101959,-82.96822,1.402593
14.98249,0.455913,1.407991,-0.9450138,-1.112488,-82.96886,1.401342
15.00226,0.4558825,1.407972,-0.9448469,-1.103668,-82.99092,1.408681
15.02346,0.4558585,1.408029,-0.9447688,-1.100372,-83.01833,1.421727
15.04609,0.4558029,1.408204,-0.9447669,-1.111176,-83.03604,1.449808
15.06813,0.4557767,1.408246,-0.9446964,-1.136658,-83.00356,1.441347
15.09027,0.4556877,1.408223,-0.9446567,-1.147278,-82.96471,1.435068
15.11244,0.4556337,1.408201,-0.9446094,-1.155457,-82.92284,1.43347
15.13525,0.4555573,1.408184,-0.9445242,-1.155945,-82.9504,1.44222
15.15544,0.4554676,1.408131,-0.9444778,-1.158142,-82.95539,1.441772
15.17841,0.4554321,1.408069,-0.9444561,-1.131165,-82.91916,1.415885
15.20029,0.4554012,1.408062,-0.9444962,-1.111542,-82.9007,1.385564
15.22247,0.4553099,1.408081,-0.9444646,-1.08844,-82.91055,1.357391
15.24533,0.455322,1.408083,-0.9444962,-1.086639,-82.94217,1.347085
15.26731,0.4553814,1.408049,-0.944383,-1.072266,-82.9727,1.344911
15.28879,0.4554389,1.408031,-0.9443604,-1.07019,-82.9989,1.332487
15.31099,0.4554409,1.408021,-0.9443003,-1.033997,-83.00695,1.324797
15.33467,0.4554173,1.40806,-0.944208,-1.02597,-83.0146,1.339016
15.35704,0.455391,1.408122,-0.944126,-1.047333,-83.02841,1.332348
15.37757,0.4553258,1.408149,-0.9440361,-1.05127,-83.03156,1.326274
15.40082,0.4552989,1.408118,-0.9439847,-1.044464,-83.03489,1.356115
15.42207,0.4552556,1.408131,-0.9438349,-1.039978,-83.03745,1.391796
15.44483,0.4551669,1.408163,-0.9436874,-1.040924,-83.07283,1.422662
15.46652,0.4550722,1.408162,-0.9435755,-1.038788,-83.08013,1.42865
15.49096,0.4549451,1.408172,-0.9434757,-1.021606,-83.05956,1.423234
15.5129,0.4548345,1.408158,-0.9434013,-1.020569,-83.0788,1.407918
15.53348,0.4548081,1.408098,-0.9434173,-1.024902,-83.08673,1.426778
15.55557,0.4547487,1.408061,-0.9434547,-1.038696,-83.12309,1.426871
15.57877,0.4546606,1.408059,-0.9434049,-1.033905,-83.14165,1.412204
15.60051,0.4545693,1.408084,-0.9434721,-1.010468,-83.14951,1.371685
15.62366,0.4544542,1.408051,-0.9435368,-0.9999695,-83.14474,1.326482
15.64605,0.4543745,1.408009,-0.9437659,-0.9949036,-83.13038,1.298475
15.67103,0.4543062,1.408032,-0.9440205,-0.9668884,-83.10884,1.264673
15.6905,0.4541883,1.408036,-0.9441401,-0.9770508,-83.09307,1.250167
15.71309,0.4541276,1.407954,-0.9442086,-0.9693604,-83.08958,1.243362
15.73705,0.4540335,1.407876,-0.9443468,-0.9418945,-83.10114,1.258919
15.75525,0.453972,1.407873,-0.9444333,-0.9230652,-83.12051,1.263466
15.7754,0.4538938,1.407831,-0.9446335,-0.8691711,-83.12869,1.269564
15.79197,0.453794,1.407717,-0.9447688,-0.8195801,-83.12144,1.232848
15.81201,0.4537381,1.407561,-0.9448824,-0.7875366,-83.08007,1.204414
15.83337,0.4537493,1.407434,-0.9451005,-0.7575378,-83.0788,1.146409
15.85533,0.4537983,1.407374,-0.9452378,-0.7231445,-83.08692,1.094804
15.87876,0.4538048,1.407329,-0.9453946,-0.6941223,-83.08086,1.085559
15.8998,0.4537573,1.407324,-0.9455575,-0.6492004,-83.06976,1.097602
15.92188,0.453729,1.407332,-0.9457097,-0.6213379,-83.07209,1.132124
15.9451,0.4536985,1.407323,-0.9458369,-0.6128235,-83.08524,1.150635
15.96684,0.4536376,1.407311,-0.9458985,-0.613678,-83.08736,1.154969
15.99211,0.4536312,1.407309,-0.9460114,-0.649231,-83.0922,1.130656
16.01258,0.4536707,1.407367,-0.9460742,-0.6844482,-83.09901,1.103294
16.03292,0.4537355,1.40739,-0.9461341,-0.7090149,-83.106,1.090113
16.05605,0.4538609,1.407356,-0.9461185,-0.701416,-83.10332,1.117946
16.07874,0.453944,1.407296,-0.9461864,-0.6852417,-83.11437,1.144682
16.09962,0.4540499,1.407258,-0.9462823,-0.6577759,-83.14944,1.13781
16.12189,0.4541306,1.407195,-0.9463584,-0.6293945,-83.16457,1.126506
16.14523,0.4542165,1.407093,-0.9464686,-0.610199,-83.16728,1.12856
16.16669,0.4543682,1.407052,-0.946581,-0.6060791,-83.16824,1.12189
16.18906,0.45446,1.407058,-0.9466504,-0.5875854,-83.16869,1.119856
16.21256,0.4545345,1.407043,-0.9467199,-0.5632019,-83.13457,1.104172
16.234,0.454635,1.406979,-0.9468372,-0.5466003,-83.11997,1.104103
16.25685,0.4547496,1.406977,-0.9469222,-0.5435486,-83.10438,1.106758
16.27875,0.4549011,1.407032,-0.9469718,-0.5446167,-83.13296,1.10316
16.30087,0.4550573,1.407022,-0.9470185,-0.5428772,-83.16074,1.072465
16.32314,0.4552421,1.407031,-0.9470314,-0.5364075,-83.17704,1.037381
16.34524,0.4553854,1.407014,-0.947022,-0.5247803,-83.17722,1.041532
16.36712,0.4555441,1.406954,-0.9470049,-0.5070801,-83.18809,1.065513
16.38954,0.4556931,1.406866,-0.9470006,-0.4390259,-83.19279,1.072115
16.41232,0.4559968,1.406741,-0.9470097,-0.4053345,-83.18208,1.090482
16.434,0.456271,1.406605,-0.9469919,-0.3888245,-83.16884,1.107797
16.45614,0.4565079,1.40659,-0.9468802,-0.3539124,-83.14538,1.126837
16.47797,0.4567414,1.406545,-0.946877,-0.2785339,-83.15204,1.130311
16.50282,0.457003,1.406468,-0.9468778,-0.2412109,-83.15826,1.14932
16.52352,0.4572141,1.406473,-0.9467702,-0.2204895,-83.12663,1.167291
16.54517,0.4574841,1.40648,-0.9466859,-0.2044373,-83.13988,1.143914
16.5666,0.457763,1.406455,-0.9465212,-0.1836243,-83.13617,1.14212
16.58894,0.4580503,1.406402,-0.9463798,-0.188324,-83.14359,1.132337
16.61115,0.4583398,1.406369,-0.9462429,-0.1694031,-83.18864,1.143261
16.63378,0.4586418,1.40634,-0.9460893,-0.115387,-83.21862,1.177167
16.6557,0.4589573,1.406268,-0.9460661,-0.0854187,-83.24459,1.222088
16.67766,0.4593194,1.406203,-0.9459975,-0.05404663,-83.25815,1.243832
16.69956,0.4596772,1.40615,-0.9459187,-0.02020264,-83.25335,1.235147
16.72172,0.4600528,1.406102,-0.9458499,0.01828511,-83.25346,1.219695
16.74397,0.4603215,1.406022,-0.9457295,0.06826269,-83.24933,1.218139
16.76606,0.460623,1.405942,-0.9456373,0.08702305,-83.24924,1.213356
16.78841,0.4609329,1.405926,-0.9455533,0.1098851,-83.26325,1.209892
16.81023,0.4610704,1.405921,-0.9454761,0.10777,-83.25538,1.207171
16.82502,0.4613448,1.405912,-0.9454083,0.1291534,-83.28461,1.198242
16.84427,0.4616152,1.405863,-0.9453839,0.1450856,-83.3021,1.166209
16.86634,0.4618604,1.405813,-0.9452896,0.1640169,-83.28828,1.15184
16.88896,0.462099,1.405803,-0.9452847,0.1716129,-83.28941,1.141236
16.91009,0.4623104,1.405799,-0.9452654,0.1871983,-83.29291,1.123845
16.93292,0.4625283,1.405784,-0.9452181,0.1881458,-83.29393,1.117038
16.95523,0.4627821,1.405767,-0.9452343,0.1958762,-83.29518,1.13945
